Workbook

Sheet TT (PM +CM)
A6: Trouble Ticket Summary
A8: No. | B8: T.T # | C8: Date | D8: Receiving Time | E8: Resolving Time | F8: Time | G8: Location | H8: Description | I8: T.T Type | J8: T.T - Owner | K8: Status | L8: Resolving Date | M8: Technician | N8: CS %
A9: 1
A10: 2
A11: 3
A12: 4
A13: 5
A14: 6
A15: 7
A16: 8
A17: 9
A18: 10
A19: 11
A20: 12
... A25: 17

Sheet Solar cell
A5: شهر يونيو 2026 | B5: مبني التدريب | H5: اجمالي اليوم | I5: مبني الشركات | J5: اجمالي اليوم | K5: مبني الابداع | M5: اجمالي اليوم | N5: مبني نيترا | O5: اجمالي اليوم | P5: مبني التعهيد | S5: اجمالي اليوم | T5: محلات 1 | V5: اجمالي اليوم | W5: محلات 2 | Y5: اجمالي اليوم | Z5: محلات 3 | AB5: اجمالي اليوم | AC5: اجمالي المحلات | AD5: اتصالات | AF5: اجمالي اليوم | AG5: المدرسة | AH5: اجمالي اليوم
A7: يوم 1 | B7: 54.5 | C7: 97.9 | D7: 79.66 | E7: 20.89 | F7: 21.61 | G7: 22.15 | H7: =SUM(B7:G7) -> 296.71 | I7: 69.02 | J7: =I7 -> 69.02 | K7: 69.54 | L7: 0 | M7: =K7+L7 -> 69.54 | N7: 69.22 | O7: =N7 -> 69.22 | P7: 37.63 | Q7: 105.3 | R7: 39.43 | S7: =P7+Q7+R7 -> 182.36 | T7: 64.35 | U7: 0 | V7: =U7+T7 -> 64.35 | W7: 102.6 | X7: 19.95 | Y7: =X7+W7 -> 122.55 | Z7: 10.2 | AA7: 95.1 | AB7: =Z7+AA7 -> 105.3 | AC7: =V7+Y7+AB7 -> 292.2 | AD7: 21.1 | AE7: 0 | AF7: =SUM(AD7:AE7) -> 21.1 | AG7: 56.52 | AH7: =AG7 -> 56.52
A8: يوم 2 | B8: 55.14 | C8: 98.52 | D8: 75.41 | E8: 21.14 | F8: 22.25 | G8: 21.89 | H8: =SUM(B8:G8) -> 294.35 | I8: 70.14 | J8: =I8 -> 70.14 | K8: 70.44 | L8: 0 | M8: =K8+L8 -> 70.44 | N8: 71.14 | O8: =N8 -> 71.14 | P8: 38.85 | Q8: 108.21 | R8: 40.58 | S8: =P8+Q8+R8 -> 187.64 | T8: 62.25 | U8: 0 | V8: =U8+T8 -> 62.25 | W8: 101.14 | X8: 20.44 | Y8: =X8+W8 -> 121.58 | Z8: 11.47 | AA8: 94.12 | AB8: =Z8+AA8 -> 105.59 | AC8: =V8+Y8+AB8 -> 289.42 | AD8: 22.54 | AE8: 0 | AF8: =SUM(AD8:AE8) -> 22.54 | AG8: 57.14 | AH8: =AG8 -> 57.14
A9: يوم 3 | B9: 56.17 | C9: 99.35 | D9: 78.14 | E9: 21.26 | F9: 21.48 | G9: 21.17 | H9: =SUM(B9:G9) -> 297.57 | I9: 69.31 | J9: =I9 -> 69.31 | K9: 69.18 | L9: 0 | M9: =K9+L9 -> 69.18 | N9: 70.15 | O9: =N9 -> 70.15 | P9: 39.25 | Q9: 107.18 | R9: 40.28 | S9: =P9+Q9+R9 -> 186.71 | T9: 61.28 | U9: 0 | V9: =U9+T9 -> 61.28 | W9: 103.15 | X9: 21.15 | Y9: =X9+W9 -> 124.3 | Z9: 11.24 | AA9: 95.35 | AB9: =Z9+AA9 -> 106.59 | AC9: =V9+Y9+AB9 -> 292.17 | AD9: 21.16 | AE9: 0 | AF9: =SUM(AD9:AE9) -> 21.16 | AG9: 58.17 | AH9: =AG9 -> 58.17
A10: يوم 4 | B10: 57.21 | C10: 98.44 | D10: 77.45 | E10: 21.89 | F10: 22.14 | G10: 21.45 | H10: =SUM(B10:G10) -> 298.58 | I10: 70.45 | J10: =I10 -> 70.45 | K10: 70.22 | L10: 0 | M10: =K10+L10 -> 70.22 | N10: 69.85 | O10: =N10 -> 69.85 | P10: 39.45 | Q10: 106.87 | R10: 41.25 | S10: =P10+Q10+R10 -> 187.57 | T10: 61.55 | U10: 0 | V10: =U10+T10 -> 61.55 | W10: 101.14 | X10: 21.55 | Y10: =X10+W10 -> 122.69 | Z10: 10.89 | AA10: 98.25 | AB10: =Z10+AA10 -> 109.14 | AC10: =V10+Y10+AB10 -> 293.38 | AD10: 20.78 | AE10: 0 | AF10: =SUM(AD10:AE10) -> 20.78 | AG10: 59.98 | AH10: =AG10 -> 59.98
A11: يوم 5 | B11: 58.41 | C11: 97.25 | D11: 76.25 | E11: 22.14 | F11: 21.45 | G11: 22.89 | H11: =SUM(B11:G11) -> 298.39 | I11: 71.89 | J11: =I11 -> 71.89 | K11: 69.89 | L11: 0 | M11: =K11+L11 -> 69.89 | N11: 71.44 | O11: =N11 -> 71.44 | P11: 40.55 | Q11: 108.52 | R11: 3945 | S11: =P11+Q11+R11 -> 4094.07 | T11: 62.89 | U11: 0 | V11: =U11+T11 -> 62.89 | W11: 102.89 | X11: 20.47 | Y11: =X11+W11 -> 123.36 | Z11: 11.25 | AA11: 97.52 | AB11: =Z11+AA11 -> 108.77 | AC11: =V11+Y11+AB11 -> 295.02 | AD11: 21.44 | AE11: 0 | AF11: =SUM(AD11:AE11) -> 21.44 | AG11: 58.41 | AH11: =AG11 -> 58.41
A12: يوم 6 | B12: 58.21 | C12: 98.35 | D12: 77.16 | E12: 21.35 | F12: 22.18 | G12: 21.35 | H12: =SUM(B12:G12) -> 298.6 | I12: 70.25 | J12: =I12 -> 70.25 | K12: 70.18 | L12: 0 | M12: =K12+L12 -> 70.18 | N12: 70.39 | O12: =N12 -> 70.39 | P12: 41.28 | Q12: 107.18 | R12: 40.38 | S12: =P12+Q12+R12 -> 188.84 | T12: 61.18 | U12: 0 | V12: =U12+T12 -> 61.18 | W12: 101.15 | X12: 21.19 | Y12: =X12+W12 -> 122.34 | Z12: 11.27 | AA12: 97.34 | AB12: =Z12+AA12 -> 108.61 | AC12: =V12+Y12+AB12 -> 292.13 | AD12: 21.36 | AE12: 0 | AF12: =SUM(AD12:AE12) -> 21.36 | AG12: 57.49 | AH12: =AG12 -> 57.49
A13: يوم 7 | B13: 57.88 | C13: 97.54 | D13: 78.11 | E13: 20.45 | F13: 21.99 | G13: 20.98 | H13: =SUM(B13:G13) -> 296.95 | I13: 71.55 | J13: =I13 -> 71.55 | K13: 71.21 | L13: 0 | M13: =K13+L13 -> 71.21 | N13: 69.98 | O13: =N13 -> 69.98 | P13: 49.52 | Q13: 108.45 | R13: 48.84 | S13: =P13+Q13+R13 -> 206.81 | T13: 61.88 | U13: 0 | V13: =U13+T13 -> 61.88 | W13: 102.25 | X13: 20.19 | Y13: =X13+W13 -> 122.44 | Z13: 12.89 | AA13: 98.12 | AB13: =Z13+AA13 -> 111.01 | AC13: =V13+Y13+AB13 -> 295.33 | AD13: 20.98 | AE13: 0 | AF13: =SUM(AD13:AE13) -> 20.98 | AG13: 58.22 | AH13: =AG13 -> 58.22
A14: يوم 8 | B14: 58.11 | C14: 98.22 | D14: 72.58 | E14: 19.89 | F14: 20.22 | G14: 21.89 | H14: =SUM(B14:G14) -> 290.91 | I14: 70.44 | J14: =I14 -> 70.44 | K14: 70.58 | L14: 0 | M14: =K14+L14 -> 70.58 | N14: 70.89 | O14: =N14 -> 70.89 | P14: 50.98 | Q14: 109.54 | R14: 49.85 | S14: =P14+Q14+R14 -> 210.37 | T14: 60.25 | U14: 0 | V14: =U14+T14 -> 60.25 | W14: 101.44 | X14: 21.47 | Y14: =X14+W14 -> 122.91 | Z14: 11.89 | AA14: 99.21 | AB14: =Z14+AA14 -> 111.1 | AC14: =V14+Y14+AB14 -> 294.26 | AD14: 21.47 | AE14: 0 | AF14: =SUM(AD14:AE14) -> 21.47 | AG14: 59.21 | AH14: =AG14 -> 59.21
A15: يوم 9 | B15: 60.21 | C15: 99.24 | D15: 76.18 | E15: 21.38 | F15: 21.18 | G15: 20.18 | H15: =SUM(B15:G15) -> 298.37 | I15: 72.13 | J15: =I15 -> 72.13 | K15: 71.36 | L15: 0 | M15: =K15+L15 -> 71.36 | N15: 71.42 | O15: =N15 -> 71.42 | P15: 49.65 | Q15: 107.28 | R15: 48.39 | S15: =P15+Q15+R15 -> 205.32 | T15: 61.24 | U15: 0 | V15: =U15+T15 -> 61.24 | W15: 102.39 | X15: 21.28 | Y15: =X15+W15 -> 123.67 | Z15: 12.18 | AA15: 98.34 | AB15: =Z15+AA15 -> 110.52 | AC15: =V15+Y15+AB15 -> 295.43 | AD15: 21.27 | AE15: 0 | AF15: =SUM(AD15:AE15) -> 21.27 | AG15: 60.27 | AH15: =AG15 -> 60.27
A16: يوم 10 | B16: 61.32 | C16: 97.36 | D16: 74.25 | E16: 20.32 | F16: 20.18 | G16: 21.35 | H16: =SUM(B16:G16) -> 294.78 | I16: 71.35 | J16: =I16 -> 71.35 | K16: 70.18 | L16: 0 | M16: =K16+L16 -> 70.18 | N16: 70.35 | O16: =N16 -> 70.35 | P16: 50.28 | Q16: 105.34 | R16: 49.35 | S16: =P16+Q16+R16 -> 204.97 | T16: 62.35 | U16: 0 | V16: =U16+T16 -> 62.35 | W16: 101.27 | X16: 20.25 | Y16: =X16+W16 -> 121.52 | Z16: 12.21 | AA16: 97.15 | AB16: =Z16+AA16 -> 109.36 | AC16: =V16+Y16+AB16 -> 293.23 | AD16: 21.24 | AE16: 0 | AF16: =SUM(AD16:AE16) -> 21.24 | AG16: 60.34 | AH16: =AG16 -> 60.34
A17: يوم 11 | B17: 57.21 | C17: 98.52 | D17: 76.25 | E17: 20.45 | F17: 21.99 | G17: 21.89 | H17: =SUM(B17:G17) -> 296.31 | I17: 70.45 | J17: =I17 -> 70.45 | K17: 69.18 | L17: 0 | M17: =K17+L17 -> 69.18 | N17: 71.44 | O17: =N17 -> 71.44 | P17: 39.25 | Q17: 105.3 | R17: 48.84 | S17: =P17+Q17+R17 -> 193.39 | T17: 61.28 | U17: 0 | V17: =U17+T17 -> 61.28 | W17: 101.15 | X17: 21.55 | Y17: =X17+W17 -> 122.7 | Z17: 11.24 | AA17: 97.52 | AB17: =Z17+AA17 -> 108.76 | AC17: =V17+Y17+AB17 -> 292.74 | AD17: 20.78 | AE17: 0 | AF17: =SUM(AD17:AE17) -> 20.78 | AG17: 57.49 | AH17: =AG17 -> 57.49
A18: يوم 12 | B18: 58.41 | C18: 99.35 | D18: 77.16 | E18: 19.89 | F18: 20.22 | G18: 21.17 | H18: =SUM(B18:G18) -> 296.2 | I18: 71.89 | J18: =I18 -> 71.89 | K18: 70.22 | L18: 0 | M18: =K18+L18 -> 70.22 | N18: 70.39 | O18: =N18 -> 70.39 | P18: 39.45 | Q18: 108.21 | R18: 39.45 | S18: =P18+Q18+R18 -> 187.11 | T18: 61.18 | U18: 0 | V18: =U18+T18 -> 61.18 | W18: 101.14 | X18: 20.19 | Y18: =X18+W18 -> 121.33 | Z18: 12.89 | AA18: 97.34 | AB18: =Z18+AA18 -> 110.23 | AC18: =V18+Y18+AB18 -> 292.74 | AD18: 21.47 | AE18: 0 | AF18: =SUM(AD18:AE18) -> 21.47 | AG18: 59.98 | AH18: =AG18 -> 59.98
... A27: يوم 21 | B27: 60.35 | C27: 93.54 | D27: 76.28 | E27: 20.19 | F27: 21.38 | G27: 21.25 | H27: =SUM(B27:G27) -> 292.99 | I27: 71.35 | J27: =I27 -> 71.35 | K27: 71.28 | L27: 0 | M27: =K27+L27 -> 71.28 | N27: 69.38 | O27: =N27 -> 69.38 | P27: 65.27 | Q27: 102.38 | R27: 52.16 | S27: =P27+Q27+R27 -> 219.81 | T27: 61.38 | U27: 0 | V27: =U27+T27 -> 61.38 | W27: 102.37 | X27: 20.18 | Y27: =X27+W27 -> 122.55 | Z27: 11.38 | AA27: 97.28 | AB27: =Z27+AA27 -> 108.66 | AC27: =V27+Y27+AB27 -> 292.59 | AD27: 20.35 | AE27: 0 | AF27: =SUM(AD27:AE27) -> 20.35 | AG27: 62.27 | AH27: =AG27 -> 62.27
A28: يوم 22 | B28: 61.47 | C28: 92.47 | D28: 75.98 | E28: 21.87 | F28: 20.99 | G28: 20.78 | H28: =SUM(B28:G28) -> 293.56 | I28: 70.54 | J28: =I28 -> 70.54 | K28: 71.87 | L28: 0 | M28: =K28+L28 -> 71.87 | N28: 70.28 | O28: =N29 -> 71.58 | P28: 69.87 | Q28: 103.85 | R28: 51.87 | S28: =P28+Q28+R28 -> 225.59 | T28: 60.99 | U28: 0 | V28: =U28+T28 -> 60.99 | W28: 101.58 | X28: 20.87 | Y28: =X28+W28 -> 122.45 | Z28: 11.87 | AA28: 95.87 | AB28: =Z28+AA28 -> 107.74 | AC28: =V28+Y28+AB28 -> 291.18 | AD28: 21.87 | AE28: 0 | AF28: =SUM(AD28:AE28) -> 21.87 | AG28: 61.89 | AH28: =AG28 -> 61.89
A29: يوم 23 | B29: 62.41 | C29: 91.88 | D29: 76.21 | E29: 20.89 | F29: 21.89 | G29: 22.74 | H29: =SUM(B29:G29) -> 296.02 | I29: 71.85 | J29: =I29 -> 71.85 | K29: 70.21 | L29: 0 | M29: =K29+L29 -> 70.21 | N29: 71.58 | O29: =N29 -> 71.58 | P29: 75.41 | Q29: 104.25 | R29: 58.41 | S29: =P29+Q29+R29 -> 238.07 | T29: 61.47 | U29: 0 | V29: =U29+T29 -> 61.47 | W29: 102.47 | X29: 21.87 | Y29: =X29+W29 -> 124.34 | Z29: 12.14 | AA29: 95.21 | AB29: =Z29+AA29 -> 107.35 | AC29: =V29+Y29+AB29 -> 293.16 | AD29: 20.41 | AE29: 0 | AF29: =SUM(AD29:AE29) -> 20.41 | AG29: 61.97 | AH29: =AG29 -> 61.97
A30: يوم 24 | B30: 63.18 | C30: 93.25 | D30: 76.96 | E30: 21.36 | F30: 20.18 | G30: 21.63 | H30: =SUM(B30:G30) -> 296.56 | I30: 72.12 | J30: =I30 -> 72.12 | K30: 71.35 | L30: 0 | M30: =K30+L30 -> 71.35 | N30: 70.29 | O30: =N30 -> 70.29 | P30: 75.32 | Q30: 103.36 | R30: 53.23 | S30: =P30+Q30+R30 -> 231.91 | T30: 62.34 | U30: 0 | V30: =U30+T30 -> 62.34 | W30: 101.29 | X30: 21.27 | Y30: =X30+W30 -> 122.56 | Z30: 11.27 | AA30: 94.38 | AB30: =Z30+AA30 -> 105.65 | AC30: =V30+Y30+AB30 -> 290.55 | AD30: 21.28 | AE30: 0 | AF30: =SUM(AD30:AE30) -> 21.28 | AG30: 60.38 | AH30: =AG30 -> 60.38
A31: يوم 25 | B31: 61.47 | C31: 91.44 | D31: 75.14 | E31: 21.78 | F31: 21.55 | G31: 20.47 | H31: =SUM(B31:G31) -> 291.85 | I31: 70.41 | J31: =I31 -> 70.41 | K31: 70.41 | L31: 0 | M31: =K31+L31 -> 70.41 | N31: 69.85 | O31: =N31 -> 69.85 | P31: 78.98 | Q31: 101.58 | R31: 58.47 | S31: =P31+Q31+R31 -> 239.03 | T31: 61.47 | U31: 0 | V31: =U31+T31 -> 61.47 | W31: 102.58 | X31: 22.74 | Y31: =X31+W31 -> 125.32 | Z31: 10.25 | AA31: 95.47 | AB31: =Z31+AA31 -> 105.72 | AC31: =V31+Y31+AB31 -> 292.51 | AD31: 22.47 | AE31: 0 | AF31: =SUM(AD31:AE31) -> 22.47 | AG31: 62.54 | AH31: =AG31 -> 62.54
A32: يوم 26 | B32: 62.55 | C32: 92.14 | D32: 74.11 | E32: 20.74 | F32: 22.78 | G32: 21.89 | H32: =SUM(B32:G32) -> 294.21 | I32: 71.44 | J32: =I32 -> 71.44 | K32: 72.98 | L32: 0 | M32: =K32+L32 -> 72.98 | N32: 71.55 | O32: =N32 -> 71.55 | P32: 72.14 | Q32: 102.88 | R32: 57.21 | S32: =P32+Q32+R32 -> 232.23 | T32: 62.14 | U32: 0 | V32: =U32+T32 -> 62.14 | W32: 101.78 | X32: 21.89 | Y32: =X32+W32 -> 123.67 | Z32: 12.14 | AA32: 96.22 | AB32: =Z32+AA32 -> 108.36 | AC32: =V32+Y32+AB32 -> 294.17 | AD32: 21.89 | AE32: 0 | AF32: =SUM(AD32:AE32) -> 21.89 | AG32: 62.89 | AH32: =AG32 -> 62.89
A33: يوم 27 | B33: 61.28 | C33: 91.37 | D33: 73.18 | E33: 21.34 | F33: 21.16 | G33: 20.39 | H33: =SUM(B33:G33) -> 288.72 | I33: 70.38 | J33: =I33 -> 70.38 | K33: 71.34 | L33: 0 | M33: =K33+L33 -> 71.34 | N33: 70.29 | O33: =N33 -> 70.29 | P33: 73.15 | Q33: 101.24 | R33: 56.28 | S33: =P33+Q33+R33 -> 230.67 | T33: 63.18 | U33: 0 | V33: =U33+T33 -> 63.18 | W33: 102.17 | X33: 22.15 | Y33: =X33+W33 -> 124.32 | Z33: 11.38 | AA33: 95.38 | AB33: =Z33+AA33 -> 106.76 | AC33: =V33+Y33+AB33 -> 294.26 | AD33: 22.17 | AE33: 0 | AF33: =SUM(AD33:AE33) -> 22.17 | AG33: 63.31 | AH33: =AG33 -> 63.31
A34: يوم 28 | B34: 62.14 | C34: 92.45 | D34: 72.14 | E34: 22.22 | F34: 20.89 | G34: 21.58 | H34: =SUM(B34:G34) -> 291.42 | I34: 71.58 | J34: =I34 -> 71.58 | K34: 70.14 | L34: 0 | M34: =K34+L34 -> 70.14 | N34: 71.87 | O34: =N34 -> 71.87 | P34: 79.25 | Q34: 102.87 | R34: 62.25 | S34: =P34+Q34+R34 -> 244.37 | T34: 62.14 | U34: 0 | V34: =U34+T34 -> 62.14 | W34: 101.25 | X34: 21.47 | Y34: =X34+W34 -> 122.72 | Z34: 10.25 | AA34: 94.25 | AB34: =Z34+AA34 -> 104.5 | AC34: =V34+Y34+AB34 -> 289.36 | AD34: 21.47 | AE34: 0 | AF34: =SUM(AD34:AE34) -> 21.47 | AG34: 62.14 | AH34: =AG34 -> 62.14
A35: يوم 29 | B35: 62.15 | C35: 99.35 | D35: 76.25 | E35: 19.89 | F35: 21.99 | G35: 21.45 | H35: =SUM(B35:G35) -> 301.08 | I35: 71.89 | J35: =I35 -> 71.89 | K35: 70.22 | L35: 0 | M35: =K35+L35 -> 70.22 | N35: 70.22 | O35: 0 | P35: 79.58 | Q35: 103.54 | R35: 61.47 | S35: =P35+Q35+R35 -> 244.59 | T35: 63.45 | U35: 0 | V35: =U35+T35 -> 63.45 | W35: 101.44 | X35: 20.18 | Y35: =X35+W35 -> 121.62 | Z35: 11.85 | AA35: 98.21 | AB35: =Z35+AA35 -> 110.06 | AC35: =V35+Y35+AB35 -> 295.13 | AD35: 21.24 | AE35: 0 | AF35: =SUM(AD35:AE35) -> 21.24 | AG35: 60.34 | AH35: =AG35 -> 60.34
A36: يوم 30 | B36: 60.21 | C36: 92.45 | D36: 77.16 | E36: 20.11 | F36: 20.22 | G36: 22.89 | H36: =SUM(B36:G36) -> 293.04 | I36: 73.25 | J36: =I36 -> 73.25 | K36: 71.11 | L36: 0 | M36: =K36+L36 -> 71.11 | N36: 71.11 | O36: 0 | P36: 80.14 | Q36: 104.89 | R36: 68.84 | S36: =P36+Q36+R36 -> 253.87 | T36: 68.52 | U36: 0 | V36: =U36+T36 -> 68.52 | W36: 102.58 | X36: 21.55 | Y36: =X36+W36 -> 124.13 | Z36: 12.35 | AA36: 97.36 | AB36: =Z36+AA36 -> 109.71 | AC36: =V36+Y36+AB36 -> 302.36 | AD36: 20.78 | AE36: 0 | AF36: =SUM(AD36:AE36) -> 20.78 | AG36: 57.49 | AH36: =AG36 -> 57.49
A37: اجمالي استهلاك الشهر | B37: =SUM(B8:G36) -> 8574.87 | I37: =SUM(I7:I36) -> 2149.02 | K37: =SUM(K7:L36) -> 2120.23 | N37: =SUM(N7:N36) -> 2118.89 | P37: =SUM(P7:R36) -> 10270.16 | T37: =SUM(T7:U36)+SUM(W7:X36)+SUM(Z7:AA36) -> 8825.97 | AD37: =SUM(AD8:AE36) -> 619.35 | AG37: =SUM(AG7:AG36) -> 1804.11
A38: اجمالي استهلاك (تدريب +شركات)(ابداع +نترا) | B38: =B37+I37 -> 10723.89 | K38: =K37+N37 -> 4239.12 | S38: =P38+Q38+R38 -> 0 | T38: =T37+AD37 -> 9445.32
A39: نسبه استهلاك الشركات/ (تدريب +شركات) الابداع/(ابداع +نترا) | B39: =I37/B38 -> 0.20039557 | K39: =K37/K38 -> 0.50015805 | S39: =P39+Q39+R39 -> 0 | AC39: =SUM(T39:AA39) -> 0
A40: اجمالي استهلاك الشهر لجميع المباني | B40: =SUM(B37:AG37) -> 36482.6

Sheet Generators Status
A3: Generators Status
B5: Date 30/6/2026 Inspected By:
A6: No. | B6: 5 | C6: Generator Serial No. | D6: Operating Hours | E6: Volt (AC) | F6: Volt (DC) | G6: Frequency | H6: Oil Pressure | I6: Daily Tank level in (litre) | J6: Main Tank level in (Liter) | K6: Total Shortage (Liter) | L6: Notes
A7: 1 | B7: التدريب | C7: JI5K888402 | D7: 174.4 | E7: 0 | F7: 26.72 | G7: 0 | H7: 0 | I7: 1057 | J7: 3064 | K7: =6032-J7 -> 2968 | L7: GEN Stand by
A8: 2 | B8: التعهيد | C8: K15K889807 | D8: 177.1 | E8: 0 | F8: 26.52 | G8: 0 | H8: 0 | I8: 1000 | J8: 3016 | K8: =6032-J8 -> 3016 | L8: GEN Stand by
A9: 3 | B9: خدمه مواطن | C9: E16K952212 | D9: 131.8 | E9: 0 | F9: 26.76 | G9: 0 | H9: 0 | I9: 1050 | J9: 2968 | K9: =6032-J9 -> 3064 | L9: GEN Stand by
A10: 4 | B10: الابداع | C10: K15K889808 | D10: 141.5 | E10: 0 | F10: 26.62 | G10: 0 | H10: 0 | I10: 1050 | J10: 1522 | K10: =6032-J10 -> 4510 | L10: GEN Stand by
A11: 5 | B11: الخدمات | C11: K15K889806 | D11: 170.4 | E11: 0 | F11: 26.69 | G11: 0 | H11: 0 | I11: 1057 | J11: 2300 | K11: =6032-J11 -> 3732 | L11: GEN Stand by
A12: Total Shortage in liter | K12: =SUM(K7:K11) -> 17290

Sheet Low 
A1: 2026 | C1: قراءه عدادات الجهد المنخفض
A4: شهر يونيو | B4: مبني التدريب | D4: مبني الشركات | F4: مبني الابداع | H4: مبني نترا | J4: مبني التعهيد | L4: مبني البريد | N4: مبني الخدمات | P4: مبني المدرسه
A6: KW/H | B6: قراءه | C6: استهلاك | D6: قراءه | E6: استهلاك | F6: قراءه | G6: استهلاك | H6: قراءه | I6: استهلاك | J6: قراءه | K6: استهلاك | L6: قراءه | M6: استهلاك | N6: قراءه | O6: استهلاك | P6: قراءه | Q6: استهلاك
A7: 46174 | B7: 3899448.4 | C7: =B7-'[1]Low '!$B$37 -> 1265.6 | D7: 2569054.2 | E7: =D7-'[1]Low '!$D$37 -> 815 | F7: 1572320.3 | G7: =F7-'[1]Low '!$F$37 -> 405.2 | H7: 507884.68 | I7: =H7-'[1]Low '!$H$37 -> 163.44 | J7: 3364679.6 | K7: =J7-'[1]Low '!$J$37 -> 1617.6 | L7: 17647.038 | M7: =L7-'[1]Low '!$L$37 -> -185.4 | N7: 1283407.1 | O7: =N7-'[1]Low '!$N$37 -> 290.2 | P7: 39.251 | Q7: =P7-'[1]Low '!$P$37 -> 1.221
A8: 46175 | B8: 3901100.4 | C8: =B8-B7 -> 1652 | D8: 2570157.2 | E8: =D8-D7 -> 1103 | F8: 1572980.9 | G8: =F8-F7 -> 660.6 | H8: 508075.16 | I8: =H8-H7 -> 190.48 | J8: 3366553.2 | K8: =J8-J7 -> 1873.6 | L8: 17236.802 | M8: =L8-L7 -> -410.236 | N8: 1283655.9 | O8: =N8-N7 -> 248.8 | P8: 40.404 | Q8: =P8-P7 -> 1.153
A9: 46176 | B9: 3902797.2 | C9: =B9-B8 -> 1696.8 | D9: 2571347.8 | E9: =D9-D8 -> 1190.6 | F9: 1573694.6 | G9: =F9-F8 -> 713.7 | H9: 508303.16 | I9: =H9-H8 -> 228 | J9: 3368466.6 | K9: =J9-J8 -> 1913.4 | L9: 16756.031 | M9: =L9-L8 -> -480.771 | N9: 1283907.9 | O9: =N9-N8 -> 252 | P9: 41.65 | Q9: =P9-P8 -> 1.246
A10: 46177 | B10: 3904544.4 | C10: =B10-B9 -> 1747.2 | D10: 2572532.6 | E10: =D10-D9 -> 1184.8 | F10: 1574462.3 | G10: =F10-F9 -> 767.7 | H10: 508548.92 | I10: =H10-H9 -> 245.76 | J10: 3370328.4 | K10: =J10-J9 -> 1861.8 | L10: 16537.383 | M10: =L10-L9 -> -218.648 | N10: 1284133.6 | O10: =N10-N9 -> 225.7 | P10: 43.073 | Q10: =P10-P9 -> 1.423
A11: 46178 | B11: 3906548 | C11: =B11-B10 -> 2003.6 | D11: 2573918.2 | E11: =D11-D10 -> 1385.6 | F11: 1575085.3 | G11: =F11-F10 -> 623 | H11: 508782.84 | I11: =H11-H10 -> 233.92 | J11: 3372701.6 | K11: =J11-J10 -> 2373.2 | L11: 16525.836 | M11: =L11-L10 -> -11.547 | N11: 1284392.1 | O11: =N11-N10 -> 258.5 | P11: 44.22 | Q11: =P11-P10 -> 1.147
A12: 46179 | B12: 3907669.2 | C12: =B12-B11 -> 1121.2 | D12: 2574714.2 | E12: =D12-D11 -> 796 | F12: 1575357.5 | G12: =F12-F11 -> 272.2 | H12: 508872.04 | I12: =H12-H11 -> 89.2 | J12: 3373816.4 | K12: =J12-J11 -> 1114.8 | L12: 16525.789 | M12: =L12-L11 -> -0.047 | N12: 1284606.6 | O12: =N12-N11 -> 214.5 | P12: 45.75 | Q12: =P12-P11 -> 1.53
A13: 46180 | B13: 3908855.2 | C13: =B13-B12 -> 1186 | D13: 2575532.2 | E13: =D13-D12 -> 818 | F13: 1575901.1 | G13: =F13-F12 -> 543.6 | H13: 508974.12 | I13: =H13-H12 -> 102.08 | J13: 3375298.1 | K13: =J13-J12 -> 1481.7 | L13: 16525.437 | M13: =L13-L12 -> -0.352 | N13: 1284901.6 | O13: =N13-N12 -> 295 | P13: 47.204 | Q13: =P13-P12 -> 1.454
A14: 46181 | B14: 3910583.2 | C14: =B14-B13 -> 1728 | D14: 2576808 | E14: =D14-D13 -> 1275.8 | F14: 1576789 | G14: =F14-F13 -> 887.9 | H14: 509146.4 | I14: =H14-H13 -> 172.28 | J14: 3377215.2 | K14: =J14-J13 -> 1917.1 | L14: 16525.437 | M14: =L14-L13 -> 0 | N14: 1285191.6 | O14: =N14-N13 -> 290 | P14: 48.704 | Q14: =P14-P13 -> 1.5
A15: 46182 | B15: 3912263.6 | C15: =B15-B14 -> 1680.4 | D15: 2578075.8 | E15: =D15-D14 -> 1267.8 | F15: 1577819.5 | G15: =F15-F14 -> 1030.5 | H15: 509389.4 | I15: =H15-H14 -> 243 | J15: 3379144.4 | K15: =J15-J14 -> 1929.2 | L15: 16524.133 | M15: =L15-L14 -> -1.304 | N15: 1285414.3 | O15: =N15-N14 -> 222.7 | P15: 48.898 | Q15: =P15-P14 -> 0.194
A16: 46183 | B16: 3913995.1 | C16: =B16-B15 -> 1731.55 | D16: 2579312.2 | E16: =D16-D15 -> 1236.45 | F16: 1578791.2 | G16: =F16-F15 -> 971.75 | H16: 509632.1 | I16: =H16-H15 -> 242.7 | J16: 3381075.4 | K16: =J16-J15 -> 1931 | L16: 16514.25 | M16: =L16-L15 -> -9.883 | N16: 1285663.1 | O16: =N16-N15 -> 248.84 | P16: 51.42 | Q16: =P16-P15 -> 2.522
A17: 46184 | B17: 3915924.4 | C17: =B17-B16 -> 1929.25 | D17: 2580622.2 | E17: =D17-D16 -> 1309.95 | F17: 1579723.3 | G17: =F17-F16 -> 932.05 | H17: 509878.2 | I17: =H17-H16 -> 246.1 | J17: 3383003.6 | K17: =J17-J16 -> 1928.2 | L17: 16504.046 | M17: =L17-L16 -> -10.204 | N17: 1285956.6 | O17: =N17-N16 -> 293.46 | P17: 54.169 | Q17: =P17-P16 -> 2.749
A18: 46185 | B18: 3917551.6 | C18: =B18-B17 -> 1627.2 | D18: 2581800.6 | E18: =D18-D17 -> 1178.4 | F18: 1580380.9 | G18: =F18-F17 -> 657.6 | H18: 510077.72 | I18: =H18-H17 -> 199.52 | J18: 3384781.2 | K18: =J18-J17 -> 1777.6 | L18: 16503.313 | M18: =L18-L17 -> -0.733 | N18: 1286214.1 | O18: =N18-N17 -> 257.5 | P18: 56.01 | Q18: =P18-P17 -> 1.841
A19: 46186 | B19: 3918836.4 | C19: =B19-B18 -> 1284.8 | D19: 2582824.6 | E19: =D19-D18 -> 1024 | F19: 1581093.6 | G19: =F19-F18 -> 712.7 | H19: 510227.32 | I19: =H19-H18 -> 149.6 | J19: 3386554 | K19: =J19-J18 -> 1772.8 | L19: 16503.313 | M19: =L19-L18 -> 0 | N19: 1286463.7 | O19: =N19-N18 -> 249.6 | P19: 56.898 | Q19: =P19-P18 -> 0.888
... A36: 46203 | B36: 3944739.6 | C36: =B36-B35 -> 1515.2 | D36: 2600661.8 | E36: =D36-D35 -> 1227.2 | F36: 1592777.9 | G36: =F36-F35 -> 909 | H36: 513558.12 | I36: =H36-H35 -> 346.24 | J36: 3415864.2 | K36: =J36-J35 -> 1835 | L36: 16158.719 | M36: =L36-L35 -> -99.444 | N36: 1290512.5 | O36: =N36-N35 -> 207.9 | P36: 79.374 | Q36: =P36-P35 -> 1.134
A37: اجمالي استهلاك الشهر | C37: =SUM(C7:C36) -> 46556.8 | E37: =SUM(E7:E36) -> 32422.6 | G37: =SUM(G7:G36) -> 20862.8 | I37: =SUM(I7:I36) -> 5836.88 | K37: =SUM(K7:K36) -> 52802.2 | M37: =SUM(M7:M36) -> -1673.719 | O37: =SUM(O7:O36) -> 7395.6 | Q37: =SUM(Q7:Q36) -> 41.344
A38: اجمالي استهلاك (تدريب +شركات)(ابداع +نترا) | B38: =C37 -> 46556.8 | F38: =G37 -> 20862.8
A39: نسبه استهلاك الشركات/ (تدريب +شركات) الابداع/(ابداع +نترا) | B39: =E37/B38 -> 0.69640955 | F39: =(G37-I37)/G37 -> 0.72022547
B40: =Medium!I35 -> 46866 | C40: =B40*C41/B41 -> 32637.93 | F40: =Medium!K35 -> 21876 | G40: =F40*G41/F41 -> 6120.3476
B41: =B38 -> 46556.8 | C41: =E37 -> 32422.6 | F41: =G37 -> 20862.8 | G41: =I37 -> 5836.88

Sheet Medium
A3: يونيو | B3: مبني التعهيد | D3: مبني البريد | F3: مبني الخدمات | H3: مبني التدريب | J3: الابداع
A4: KW/H | B4: قراءه | C4: استهلاك | D4: قراءه | E4: استهلاك | F4: قراءه | G4: استهلاك | H4: قراءه | I4: استهلاك | J4: قراءه | K4: استهلاك
A5: 46174 | B5: 5078278 | C5: =B5-[1]Medium!$B$35 -> 3998 | D5: 853563 | E5: =D5-[1]Medium!$D$35 -> 1542 | F5: 631922 | G5: =F5-[1]Medium!$F$35 -> 336 | H5: 2068920 | I5: =H5-[1]Medium!$H$35 -> 1278 | J5: 939958 | K5: =J5-[1]Medium!$J$35 -> 445
A6: 46175 | B6: 5082844 | C6: =B6-B5 -> 4566 | D6: 855571 | E6: =D6-D5 -> 2008 | F6: 632210 | G6: =F6-F5 -> 288 | H6: 2070579 | I6: =H6-H5 -> 1659 | J6: 940648 | K6: =J6-J5 -> 690
A7: 46176 | B7: 5087508 | C7: =B7-B6 -> 4664 | D7: 857545 | E7: =D7-D6 -> 1974 | F7: 632503 | G7: =F7-F6 -> 293 | H7: 2072286 | I7: =H7-H6 -> 1707 | J7: 941392 | K7: =J7-J6 -> 744
A8: 46177 | B8: 5092048 | C8: =B8-B7 -> 4540 | D8: 859509 | E8: =D8-D7 -> 1964 | F8: 632767 | G8: =F8-F7 -> 264 | H8: 2074041 | I8: =H8-H7 -> 1755 | J8: 942189 | K8: =J8-J7 -> 797
A9: 46178 | B9: 5097827 | C9: =B9-B8 -> 5779 | D9: 861444 | E9: =D9-D8 -> 1935 | F9: 633205 | G9: =F9-F8 -> 438 | H9: 2075968 | I9: =H9-H8 -> 1927 | J9: 942854 | K9: =J9-J8 -> 665
A10: 46179 | B10: 5100622 | C10: =B10-B9 -> 2795 | D10: 862724 | E10: =D10-D9 -> 1280 | F10: 633323 | G10: =F10-F9 -> 118 | H10: 2077189 | I10: =H10-H9 -> 1221 | J10: 943147 | K10: =J10-J9 -> 293
A11: 46180 | B11: 5104284 | C11: =B11-B10 -> 3662 | D11: 864255 | E11: =D11-D10 -> 1531 | F11: 633663 | G11: =F11-F10 -> 340 | H11: 2078382 | I11: =H11-H10 -> 1193 | J11: 943720 | K11: =J11-J10 -> 573
A12: 46181 | B12: 5108968 | C12: =B12-B11 -> 4684 | D12: 866241 | E12: =D12-D11 -> 1986 | F12: 633999 | G12: =F12-F11 -> 336 | H12: 2080122 | I12: =H12-H11 -> 1740 | J12: 944668 | K12: =J12-J11 -> 948
A13: 46182 | B13: 5113609 | C13: =B13-B12 -> 4641 | D13: 868068 | E13: =D13-D12 -> 1827 | F13: 634260 | G13: =F13-F12 -> 261 | H13: 2081809 | I13: =H13-H12 -> 1687 | J13: 945692 | K13: =J13-J12 -> 1024
A14: 46183 | B14: 5118315 | C14: =B14-B13 -> 4706 | D14: 869994 | E14: =D14-D13 -> 1926 | F14: 634530 | G14: =F14-F13 -> 270 | H14: 2083553 | I14: =H14-H13 -> 1744 | J14: 946599 | K14: =J14-J13 -> 907
A15: 46184 | B15: 5123006 | C15: =B15-B14 -> 4691 | D15: 872099 | E15: =D15-D14 -> 2105 | F15: 634887 | G15: =F15-F14 -> 357 | H15: 2085481 | I15: =H15-H14 -> 1928 | J15: 947567 | K15: =J15-J14 -> 968
A16: 46185 | B16: 5127480 | C16: =B16-B15 -> 4474 | D16: 873988 | E16: =D16-D15 -> 1889 | F16: 635181 | G16: =F16-F15 -> 294 | H16: 2087115 | I16: =H16-H15 -> 1634 | J16: 948349 | K16: =J16-J15 -> 782
A17: 46186 | B17: 5131927 | C17: =B17-B16 -> 4447 | D17: 875644 | E17: =D17-D16 -> 1656 | F17: 635473 | G17: =F17-F16 -> 292 | H17: 2088411 | I17: =H17-H16 -> 1296 | J17: 949093 | K17: =J17-J16 -> 744
... A34: 46203 | B34: 5205146 | C34: =B34-B33 -> 4839 | D34: 907605 | E34: =D34-D33 -> 2050 | F34: 640343 | G34: =F34-F33 -> 257 | H34: 2114508 | I34: =H34-H33 -> 1494 | J34: 961389 | K34: =J34-J33 -> 949
A35: اجمالي استهلاك الشهر | C35: =SUM(C5:C34) -> 130866 | E35: =SUM(E5:E34) -> 55584 | G35: =SUM(G5:G34) -> 8757 | I35: =SUM(I5:I34) -> 46866 | K35: =SUM(K5:K34) -> 21876
G37: =SUM(B35:K35) -> 263949

Sheet Call Center
A1: 2026
A4: شهر يونيو | B4: عدادات قاعات مبني التعهيد
B6: الدور الارضي | J6: الدور الاول علوي | R6: الدور الثاني علوي
B7: GA1 | D7: GA2 | F7: GA3 | H7: GA4 | J7: FA1 | L7: FA2 | N7: FA3 | P7: FA4 | R7: SA1 | T7: SA2 | V7: SA3 | X7: SA4
B8: أيزون | F8: أكتبوس | J8: ايجادا | N8: اورنج | R8: البنك الاهلي
A9: KW/H | B9: قراءه | C9: استهلاك | D9: قراءه | E9: استهلاك | F9: قراءه | G9: استهلاك | H9: قراءه | I9: استهلاك | J9: قراءه | K9: استهلاك | L9: قراءه | M9: استهلاك | N9: قراءه | O9: استهلاك | P9: قراءه | Q9: استهلاك | R9: قراءه | S9: استهلاك | T9: قراءه | U9: استهلاك | V9: قراءه | W9: استهلاك | X9: قراءه | Y9: استهلاك
A10: 46174 | B10: 615540.92 | C10: =B10-'[1]Call Center'!$B$40 -> 310.16 | D10: 798469.92 | E10: =D10-'[1]Call Center'!$D$40 -> 335.44 | F10: 734804.08 | G10: =F10-'[1]Call Center'!$F$40 -> 401.04 | H10: 261018.92 | I10: =H10-'[1]Call Center'!$H$40 -> 161.22 | J10: 128001.86 | K10: =J10-'[1]Call Center'!$J$40 -> 63.89 | L10: 131283.16 | M10: =L10-'[1]Call Center'!$L$40 -> 128.33 | N10: 846676.24 | O10: =N10-'[1]Call Center'!$N$40 -> 374.56 | P10: 726114.8 | Q10: =P10-'[1]Call Center'!$P$40 -> 332.64 | R10: 617387.32 | S10: =R10-'[1]Call Center'!$R$40 -> 303.88 | T10: 727601.44 | U10: =T10-'[1]Call Center'!$T$40 -> 472.4 | V10: 470664.36 | W10: =V10-'[1]Call Center'!$V$40 -> 271.68 | X10: 412257.76 | Y10: =X10-'[1]Call Center'!$X$40 -> 291.2
A11: 46175 | B11: 615776.04 | C11: =B11-B10 -> 235.12 | D11: 798786.96 | E11: =D11-D10 -> 317.04 | F11: 735190.4 | G11: =F11-F10 -> 386.32 | H11: 261176.34 | I11: =H11-H10 -> 157.42 | J11: 128112.51 | K11: =J11-J10 -> 110.65 | L11: 131465.01 | M11: =L11-L10 -> 181.85 | N11: 847009.84 | O11: =N11-N10 -> 333.6 | P11: 726398.32 | Q11: =P11-P10 -> 283.52 | R11: 617709.64 | S11: =R11-R10 -> 322.32 | T11: 728056.08 | U11: =T11-T10 -> 454.64 | V11: 470918.92 | W11: =V11-V10 -> 254.56 | X11: 412546.64 | Y11: =X11-X10 -> 288.88
A12: 46176 | B12: 616093.04 | C12: =B12-B11 -> 317 | D12: 799152.03 | E12: =D12-D11 -> 365.07 | F12: 735645.92 | G12: =F12-F11 -> 455.52 | H12: 261294.78 | I12: =H12-H11 -> 118.44 | J12: 128256.83 | K12: =J12-J11 -> 144.32 | L12: 131711.87 | M12: =L12-L11 -> 246.86 | N12: 847423.12 | O12: =N12-N11 -> 413.28 | P12: 726720.88 | Q12: =P12-P11 -> 322.56 | R12: 618074.64 | S12: =R12-R11 -> 365 | T12: 728581.28 | U12: =T12-T11 -> 525.2 | V12: 471267.56 | W12: =V12-V11 -> 348.64 | X12: 412885.32 | Y12: =X12-X11 -> 338.68
A13: 46177 | B13: 616350.52 | C13: =B13-B12 -> 257.48 | D13: 799497.12 | E13: =D13-D12 -> 345.09 | F13: 736046 | G13: =F13-F12 -> 400.08 | H13: 261426.86 | I13: =H13-H12 -> 132.08 | J13: 128442.03 | K13: =J13-J12 -> 185.2 | L13: 131904.16 | M13: =L13-L12 -> 192.29 | N13: 847814.64 | O13: =N13-N12 -> 391.52 | P13: 727011.12 | Q13: =P13-P12 -> 290.24 | R13: 618471.8 | S13: =R13-R12 -> 397.16 | T13: 729020.64 | U13: =T13-T12 -> 439.36 | V13: 471553.88 | W13: =V13-V12 -> 286.32 | X13: 413225.25 | Y13: =X13-X12 -> 339.93
A14: 46178 | B14: 616709.56 | C14: =B14-B13 -> 359.04 | D14: 799957.52 | E14: =D14-D13 -> 460.4 | F14: 736597.12 | G14: =F14-F13 -> 551.12 | H14: 261605.2 | I14: =H14-H13 -> 178.34 | J14: 128585.13 | K14: =J14-J13 -> 143.1 | L14: 132128.26 | M14: =L14-L13 -> 224.1 | N14: 848304.48 | O14: =N14-N13 -> 489.84 | P14: 727459.52 | Q14: =P14-P13 -> 448.4 | R14: 618962.28 | S14: =R14-R13 -> 490.48 | T14: 729688.72 | U14: =T14-T13 -> 668.08 | V14: 471964.36 | W14: =V14-V13 -> 410.48 | X14: 413593.64 | Y14: =X14-X13 -> 368.39
A15: 46179 | B15: 616888.28 | C15: =B15-B14 -> 178.72 | D15: 800169.36 | E15: =D15-D14 -> 211.84 | F15: 736902.16 | G15: =F15-F14 -> 305.04 | H15: 261695.22 | I15: =H15-H14 -> 90.02 | J15: 128606.66 | K15: =J15-J14 -> 21.53 | L15: 132175.33 | M15: =L15-L14 -> 47.07 | N15: 848533.84 | O15: =N15-N14 -> 229.36 | P15: 727658 | Q15: =P15-P14 -> 198.48 | R15: 619205.24 | S15: =R15-R14 -> 242.96 | T15: 729975.04 | U15: =T15-T14 -> 286.32 | V15: 472113.16 | W15: =V15-V14 -> 148.8 | X15: 413818.92 | Y15: =X15-X14 -> 225.28
A16: 46180 | B16: 617142.76 | C16: =B16-B15 -> 254.48 | D16: 800484.64 | E16: =D16-D15 -> 315.28 | F16: 737268.88 | G16: =F16-F15 -> 366.72 | H16: 261852.66 | I16: =H16-H15 -> 157.44 | J16: 128638.33 | K16: =J16-J15 -> 31.67 | L16: 132243.07 | M16: =L16-L15 -> 67.74 | N16: 848863.92 | O16: =N16-N15 -> 330.08 | P16: 727945.36 | Q16: =P16-P15 -> 287.36 | R16: 619499.04 | S16: =R16-R15 -> 293.8 | T16: 730383.6 | U16: =T16-T15 -> 408.56 | V16: 472353.56 | W16: =V16-V15 -> 240.4 | X16: 414063.8 | Y16: =X16-X15 -> 244.88
A17: 46181 | B17: 617421.56 | C17: =B17-B16 -> 278.8 | D17: 800867.76 | E17: =D17-D16 -> 383.12 | F17: 737705.28 | G17: =F17-F16 -> 436.4 | H17: 262014.86 | I17: =H17-H16 -> 162.2 | J17: 128705.39 | K17: =J17-J16 -> 67.06 | L17: 132361.81 | M17: =L17-L16 -> 118.74 | N17: 849303.12 | O17: =N17-N16 -> 439.2 | P17: 728218.48 | Q17: =P17-P16 -> 273.12 | R17: 619839.64 | S17: =R17-R16 -> 340.6 | T17: 730951.92 | U17: =T17-T16 -> 568.32 | V17: 472726.36 | W17: =V17-V16 -> 372.8 | X17: 414329.16 | Y17: =X17-X16 -> 265.36
A18: 46182 | B18: 617707.32 | C18: =B18-B17 -> 285.76 | D18: 801189.84 | E18: =D18-D17 -> 322.08 | F18: 738110 | G18: =F18-F17 -> 404.72 | H18: 262156.92 | I18: =H18-H17 -> 142.06 | J18: 128843.07 | K18: =J18-J17 -> 137.68 | L18: 132553.2 | M18: =L18-L17 -> 191.39 | N18: 849698.42 | O18: =N18-N17 -> 395.3 | P18: 728515.76 | Q18: =P18-P17 -> 297.28 | R18: 620181.56 | S18: =R18-R17 -> 341.92 | T18: 731435.26 | U18: =T18-T17 -> 483.34 | V18: 473003.72 | W18: =V18-V17 -> 277.36 | X18: 414628.92 | Y18: =X18-X17 -> 299.76
A19: 46183 | B19: 617996.25 | C19: =B19-B18 -> 288.93 | D19: 801492.25 | E19: =D19-D18 -> 302.41 | F19: 738510.24 | G19: =F19-F18 -> 400.24 | H19: 262310.15 | I19: =H19-H18 -> 153.23 | J19: 128974.25 | K19: =J19-J18 -> 131.18 | L19: 132740.24 | M19: =L19-L18 -> 187.04 | N19: 850095.14 | O19: =N19-N18 -> 396.72 | P19: 728804.15 | Q19: =P19-P18 -> 288.39 | R19: 620523.25 | S19: =R19-R18 -> 341.69 | T19: 731894.25 | U19: =T19-T18 -> 458.99 | V19: 473301.15 | W19: =V19-V18 -> 297.43 | X19: 414925.25 | Y19: =X19-X18 -> 296.33
A20: 46184 | B20: 618277.44 | C20: =B20-B19 -> 281.19 | D20: 801790.84 | E20: =D20-D19 -> 298.59 | F20: 738889.12 | G20: =F20-F19 -> 378.88 | H20: 262396.46 | I20: =H20-H19 -> 86.31 | J20: 129106.41 | K20: =J20-J19 -> 132.16 | L20: 132915.49 | M20: =L20-L19 -> 175.25 | N20: 850447.04 | O20: =N20-N19 -> 351.9 | P20: 729105.04 | Q20: =P20-P19 -> 300.89 | R20: 620877.84 | S20: =R20-R19 -> 354.59 | T20: 732343.44 | U20: =T20-T19 -> 449.19 | V20: 473564.44 | W20: =V20-V19 -> 263.29 | X20: 415199.88 | Y20: =X20-X19 -> 274.63
A21: 46185 | B21: 618645.44 | C21: =B21-B20 -> 368 | D21: 802243.52 | E21: =D21-D20 -> 452.68 | F21: 739309.52 | G21: =F21-F20 -> 420.4 | H21: 262463.44 | I21: =H21-H20 -> 66.98 | J21: 129267.89 | K21: =J21-J20 -> 161.48 | L21: 133130.03 | M21: =L21-L20 -> 214.54 | N21: 850977.24 | O21: =N21-N20 -> 530.2 | P21: 729383.92 | Q21: =P21-P20 -> 278.88 | R21: 621250.28 | S21: =R21-R20 -> 372.44 | T21: 733014.24 | U21: =T21-T20 -> 670.8 | V21: 474006.84 | W21: =V21-V20 -> 442.4 | X21: 415631.8 | Y21: =X21-X20 -> 431.92
A22: 46186 | B22: 618897.84 | C22: =B22-B21 -> 252.4 | D22: 802600.64 | E22: =D22-D21 -> 357.12 | F22: 739771.44 | G22: =F22-F21 -> 461.92 | H22: 262609.38 | I22: =H22-H21 -> 145.94 | J22: 129305.29 | K22: =J22-J21 -> 37.4 | L22: 133205.07 | M22: =L22-L21 -> 75.04 | N22: 851397.84 | O22: =N22-N21 -> 420.6 | P22: 729677.12 | Q22: =P22-P21 -> 293.2 | R22: 621632.28 | S22: =R22-R21 -> 382 | T22: 733485.12 | U22: =T22-T21 -> 470.88 | V22: 474293.56 | W22: =V22-V21 -> 286.72 | X22: 415917.8 | Y22: =X22-X21 -> 286 | Z22: .
A23: 46187 | B23: 619157.96 | C23: =B23-B22 -> 260.12 | D23: 803004.72 | E23: =D23-D22 -> 404.08 | F23: 740198.64 | G23: =F23-F22 -> 427.2 | H23: 262777.98 | I23: =H23-H22 -> 168.6 | J23: 129367.96 | K23: =J23-J22 -> 62.67 | L23: 133299.61 | M23: =L23-L22 -> 94.54 | N23: 851827.44 | O23: =N23-N22 -> 429.6 | P23: 729957.52 | Q23: =P23-P22 -> 280.4 | R23: 621993.52 | S23: =R23-R22 -> 361.24 | T23: 733911.92 | U23: =T23-T22 -> 426.8 | V23: 474605.16 | W23: =V23-V22 -> 311.6 | X23: 416230.56 | Y23: =X23-X22 -> 312.76
A24: 46188 | B24: 619442.04 | C24: =B24-B23 -> 284.08 | D24: 803368.08 | E24: =D24-D23 -> 363.36 | F24: 740653.36 | G24: =F24-F23 -> 454.72 | H24: 262913.78 | I24: =H24-H23 -> 135.8 | J24: 129470.06 | K24: =J24-J23 -> 102.1 | L24: 133441.53 | M24: =L24-L23 -> 141.92 | N24: 852269.52 | O24: =N24-N23 -> 442.08 | P24: 730230.96 | Q24: =P24-P23 -> 273.44 | R24: 622324.28 | S24: =R24-R23 -> 330.76 | T24: 734409.36 | U24: =T24-T23 -> 497.44 | V24: 474896.04 | W24: =V24-V23 -> 290.88 | X24: 416575.32 | Y24: =X24-X23 -> 344.76
A25: 46189 | B25: 619712.8 | C25: =B25-B24 -> 270.76 | D25: 803700.64 | E25: =D25-D24 -> 332.56 | F25: 741035.12 | G25: =F25-F24 -> 381.76 | H25: 263034.52 | I25: =H25-H24 -> 120.74 | J25: 129589.63 | K25: =J25-J24 -> 119.57 | L25: 133622.13 | M25: =L25-L24 -> 180.6 | N25: 852694.08 | O25: =N25-N24 -> 424.56 | P25: 730484 | Q25: =P25-P24 -> 253.04 | R25: 622636.96 | S25: =R25-R24 -> 312.68 | T25: 734883 | U25: =T25-T24 -> 473.644 | V25: 475194.24 | W25: =V25-V24 -> 298.2 | X25: 416834.52 | Y25: =X25-X24 -> 259.2
A26: 46190 | B26: 619990.76 | C26: =B26-B25 -> 277.96 | D26: 804044.23 | E26: =D26-D25 -> 343.59 | F26: 741450.1 | G26: =F26-F25 -> 414.98 | H26: 263182.4 | I26: =H26-H25 -> 147.88 | J26: 129727.59 | K26: =J26-J25 -> 137.96 | L26: 133809.29 | M26: =L26-L25 -> 187.16 | N26: 853053.28 | O26: =N26-N25 -> 359.2 | P26: 730804.56 | Q26: =P26-P25 -> 320.56 | R26: 623009.44 | S26: =R26-R25 -> 372.48 | T26: 735364.32 | U26: =T26-T25 -> 481.316 | V26: 475488.52 | W26: =V26-V25 -> 294.28 | X26: 417120.12 | Y26: =X26-X25 -> 285.6
A27: 46191 | B27: 620265.64 | C27: =B27-B26 -> 274.88 | D27: 804403.28 | E27: =D27-D26 -> 359.05 | F27: 741889.04 | G27: =F27-F26 -> 438.94 | H27: 263333.42 | I27: =H27-H26 -> 151.02 | J27: 129824.3 | K27: =J27-J26 -> 96.71 | L27: 133957.13 | M27: =L27-L26 -> 147.84 | N27: 853459.44 | O27: =N27-N26 -> 406.16 | P27: 731062.72 | Q27: =P27-P26 -> 258.16 | R27: 623338.12 | S27: =R27-R26 -> 328.68 | T27: 735836.72 | U27: =T27-T26 -> 472.4 | V27: 475781.4 | W27: =V27-V26 -> 292.88 | X27: 417438.28 | Y27: =X27-X26 -> 318.16
A28: 46192 | B28: 620552.44 | C28: =B28-B27 -> 286.8 | D28: 804795.44 | E28: =D28-D27 -> 392.16 | F28: 742300.64 | G28: =F28-F27 -> 411.6 | H28: 263477.66 | I28: =H28-H27 -> 144.24 | J28: 129861.67 | K28: =J28-J27 -> 37.37 | L28: 134030.11 | M28: =L28-L27 -> 72.98 | N28: 853821.58 | O28: =N28-N27 -> 362.14 | P28: 731285.41 | Q28: =P28-P27 -> 222.69 | R28: 623698.04 | S28: =R28-R27 -> 359.92 | T28: 736309.04 | U28: =T28-T27 -> 472.32 | V28: 476085.04 | W28: =V28-V27 -> 303.64 | X28: 417708.28 | Y28: =X28-X27 -> 270
A29: 46193 | B29: 620776.8 | C29: =B29-B28 -> 224.36 | D29: 805100.88 | E29: =D29-D28 -> 305.44 | F29: 742726.96 | G29: =F29-F28 -> 426.32 | H29: 263599.98 | I29: =H29-H28 -> 122.32 | J29: 129898.73 | K29: =J29-J28 -> 37.06 | L29: 134100.73 | M29: =L29-L28 -> 70.62 | N29: 854203.44 | O29: =N29-N28 -> 381.86 | P29: 731487.25 | Q29: =P29-P28 -> 201.84 | R29: 624009.56 | S29: =R29-R28 -> 311.52 | T29: 736739.04 | U29: =T29-T28 -> 430 | V29: 476363.56 | W29: =V29-V28 -> 278.52 | X29: 417973.12 | Y29: =X29-X28 -> 264.84
A30: 46194 | B30: 621059.96 | C30: =B30-B29 -> 283.16 | D30: 805400.88 | E30: =D30-D29 -> 300 | F30: 743120.72 | G30: =F30-F29 -> 393.76 | H30: 263761.86 | I30: =H30-H29 -> 161.88 | J30: 129934.76 | K30: =J30-J29 -> 36.03 | L30: 134169.89 | M30: =L30-L29 -> 69.16 | N30: 854546.08 | O30: =N30-N29 -> 342.64 | P30: 731927.76 | Q30: =P30-P29 -> 440.51 | R30: 624344.28 | S30: =R30-R29 -> 334.72 | T30: 737189.44 | U30: =T30-T29 -> 450.4 | V30: 476626.04 | W30: =V30-V29 -> 262.48 | X30: 418239.32 | Y30: =X30-X29 -> 266.2
A31: 46195 | B31: 621350.8 | C31: =B31-B30 -> 290.84 | D31: 805757.04 | E31: =D31-D30 -> 356.16 | F31: 743543.44 | G31: =F31-F30 -> 422.72 | H31: 263905.78 | I31: =H31-H30 -> 143.92 | J31: 130014.09 | K31: =J31-J30 -> 79.33 | L31: 134285.57 | M31: =L31-L30 -> 115.68 | N31: 854948.08 | O31: =N31-N30 -> 402 | P31: 732196.08 | Q31: =P31-P30 -> 268.32 | R31: 624688.52 | S31: =R31-R30 -> 344.24 | T31: 737671.67 | U31: =T31-T30 -> 482.23 | V31: 476899.88 | W31: =V31-V30 -> 273.84 | X31: 418550.04 | Y31: =X31-X30 -> 310.72
A32: 46196 | B32: 621651.32 | C32: =B32-B31 -> 300.52 | D32: 806087.44 | E32: =D32-D31 -> 330.4 | F32: 743912.88 | G32: =F32-F31 -> 369.44 | H32: 264027.58 | I32: =H32-H31 -> 121.8 | J32: 130154.73 | K32: =J32-J31 -> 140.64 | L32: 134456.03 | M32: =L32-L31 -> 170.46 | N32: 855348.48 | O32: =N32-N31 -> 400.4 | P32: 732458.32 | Q32: =P32-P31 -> 262.24 | R32: 625001.16 | S32: =R32-R31 -> 312.64 | T32: 738127.6 | U32: =T32-T31 -> 455.93 | V32: 477115.64 | W32: =V32-V31 -> 215.76 | X32: 418794.35 | Y32: =X32-X31 -> 244.31
A33: 46197 | B33: 621939.08 | C33: =B33-B32 -> 287.76 | D33: 806402.82 | E33: =D33-D32 -> 315.38 | F33: 744349.92 | G33: =F33-F32 -> 437.04 | H33: 264105.06 | I33: =H33-H32 -> 77.48 | J33: 130277.89 | K33: =J33-J32 -> 123.16 | L33: 134625.36 | M33: =L33-L32 -> 169.33 | N33: 855741.04 | O33: =N33-N32 -> 392.56 | P33: 732751.28 | Q33: =P33-P32 -> 292.96 | R33: 625315.56 | S33: =R33-R32 -> 314.4 | T33: 738592.64 | U33: =T33-T32 -> 465.04 | V33: 477440.4 | W33: =V33-V32 -> 324.76 | X33: 419051 | Y33: =X33-X32 -> 256.65
A34: 46198 | B34: 622266.64 | C34: =B34-B33 -> 327.56 | D34: 806763.28 | E34: =D34-D33 -> 360.46 | F34: 744822.48 | G34: =F34-F33 -> 472.56 | H34: 264236.82 | I34: =H34-H33 -> 131.76 | J34: 130441.59 | K34: =J34-J33 -> 163.7 | L34: 134830.11 | M34: =L34-L33 -> 204.75 | N34: 856138.08 | O34: =N34-N33 -> 397.04 | P34: 733050.72 | Q34: =P34-P33 -> 299.44 | R34: 625635.72 | S34: =R34-R33 -> 320.16 | T34: 739050.72 | U34: =T34-T33 -> 458.08 | V34: 477722.24 | W34: =V34-V33 -> 281.84 | X34: 419349.96 | Y34: =X34-X33 -> 298.96
... A39: 46203 | B39: 623773.48 | C39: =B39-B38 -> 322.56 | D39: 808496.56 | E39: =D39-D38 -> 361.44 | F39: 747139.6 | G39: =F39-F38 -> 501.68 | H39: 264870.86 | I39: =H39-H38 -> 135.24 | J39: 130901.6 | K39: =J39-J38 -> 156.11 | L39: 135521.91 | M39: =L39-L38 -> 231.68 | N39: 858104.08 | O39: =N39-N38 -> 408.32 | P39: 734596.08 | Q39: =P39-P38 -> 315.04 | R39: 627339.04 | S39: =R39-R38 -> 369.4 | T39: 741411.52 | U39: =T39-T38 -> 549.04 | V39: 479238.52 | W39: =V39-V38 -> 325.12 | X39: 420826.84 | Y39: =X39-X38 -> 328.32
A40: اجمالي استهلاك الشهر | C40: =SUM(C10:C39) -> 8542.72 | E40: =SUM(E10:E39) -> 10362.08 | G40: =SUM(G10:G39) -> 12736.56 | I40: =SUM(I10:I39) -> 4013.16 | K40: =SUM(K10:K39) -> 2963.63 | M40: =SUM(M10:M39) -> 4367.08 | O40: =SUM(O10:O39) -> 11802.4 | Q40: =SUM(Q10:Q39) -> 8813.92 | S40: =SUM(S10:S39) -> 10255.6 | U40: =SUM(U10:U39) -> 14282.48 | W40: =SUM(W10:W39) -> 8845.84 | Y40: =SUM(Y10:Y39) -> 8860.28
C41: =SUM(C10:C39) -> 8542.72 | E41: =SUM(E10:E39) -> 10362.08 | G41: =SUM(G10:G39) -> 12736.56 | I41: =SUM(I10:I39) -> 4013.16 | K41: =SUM(K10:K39) -> 2963.63 | M41: =SUM(M10:M39) -> 4367.08 | O41: =SUM(O10:O39) -> 11802.4 | Q41: =SUM(Q10:Q39) -> 8813.92 | S41: =SUM(S10:S39) -> 10255.6 | U41: =SUM(U10:U39) -> 14282.48 | W41: =SUM(W1:W39) -> 8845.84 | Y41: =SUM(Y10:Y39) -> 8860.28
C42: =SUM(C41+E41) -> 18904.8 | G42: =SUM(G41+I41) -> 16749.72 | K42: =SUM(M41+K41) -> 7330.71 | O42: =SUM(O41+Q41) -> 20616.32 | S42: =SUM(S41+U41+W41+Y41) -> 42244.2

Sheet shops
A1: شهر يونيو | B1: محلات 3 | D1: محلات 2 | F1: محلات 1 | H1: اجمالي المحلات | J1: Solar cell | M1: بريد | O1: نسبه استهلاك المحلات / البريد | Q1: اتصالات | S1: اتصالات داخلى
A2: KW/H | B2: قراءه | C2: استهلاك | D2: قراءه | E2: استهلاك | F2: قراءه | G2: استهلاك | H2: قراءه | I2: استهلاك | J2: اجمالي المحلات | K2: اتصالات | L2: الاجمالي | M2: قراءه | N2: استهلاك | O2: قراءه | P2: استهلاك | Q2: قراءه | R2: استهلاك | S2: قراءه | T2: استهلاك
A3: 46174 | B3: 152059.16 | C3: =B3-[1]shops!$B$33 -> 55.33 | D3: 166.07 | E3: =D3-[1]shops!$D$33 -> 1.159 | F3: 204985.25 | G3: =F3-[1]shops!$F$33 -> 34.53 | H3: =F3+D3+B3 -> 357210.48 | I3: =SUM(C3+E3+G3) -> 91.019 | J3: ='Solar cell'!AC7 -> 292.2 | K3: ='Solar cell'!AD7 -> 21.1 | L3: =SUM(J3+K3) -> 313.3 | M3: =Medium!D5 -> 853563 | N3: =Medium!E5 -> 1542 | O3: =H3/M3 -> 0.4184934 | P3: =O3 -> 0.4184934 | Q3: 72644.408 | R3: =Q3-[1]shops!$Q$33 -> 200.816 | S3: 691058.54 | T3: =S3-[1]shops!$S$33 -> 1179.58
A4: 46175 | B4: 152110.76 | C4: =B4-B3 -> 51.6 | D4: 166.855 | E4: =D4-D3 -> 0.785 | F4: 205071.22 | G4: =F4-F3 -> 85.97 | H4: =F4+D4+B4 -> 357348.84 | I4: =H4-H3 -> 138.355 | J4: ='Solar cell'!AC8 -> 289.42 | K4: ='Solar cell'!AD8 -> 22.54 | L4: =SUM(J4+K4) -> 311.96 | M4: =Medium!D6 -> 855571 | N4: =M4-M3 -> 2008 | O4: =H4/M4 -> 0.41767292 | P4: =O4 -> 0.41767292 | Q4: 72891.016 | R4: =Q4-Q3 -> 246.608 | S4: 693204.08 | T4: =S4-S3 -> 2145.54
A5: 46176 | B5: 152164.86 | C5: =B5-B4 -> 54.1 | D5: 167.743 | E5: =D5-D4 -> 0.888 | F5: 205138.46 | G5: =F5-F4 -> 67.24 | H5: =F5+D5+B5 -> 357471.06 | I5: =H5-H4 -> 122.228 | J5: ='Solar cell'!AC9 -> 292.17 | K5: ='Solar cell'!AD9 -> 21.16 | L5: =SUM(J5+K5) -> 313.33 | M5: =Medium!D7 -> 857545 | N5: =M5-M4 -> 1974 | O5: =H5/M5 -> 0.416854 | P5: =O5 -> 0.416854 | Q5: 73130.512 | R5: =Q5-Q4 -> 239.496 | S5: 695000.48 | T5: =S5-S4 -> 1796.4
A6: 46177 | B6: 152216.2 | C6: =B6-B5 -> 51.34 | D6: 168.58 | E6: =D6-D5 -> 0.837 | F6: 205207.26 | G6: =F6-F5 -> 68.8 | H6: =F6+D6+B6 -> 357592.04 | I6: =H6-H5 -> 120.977 | J6: ='Solar cell'!AC10 -> 293.38 | K6: ='Solar cell'!AD10 -> 20.78 | L6: =SUM(J6+K6) -> 314.16 | M6: =Medium!D8 -> 859509 | N6: =M6-M5 -> 1964 | O6: =H6/M6 -> 0.41604223 | P6: =O6 -> 0.41604223 | Q6: 73366.064 | R6: =Q6-Q5 -> 235.552 | S6: 696760.14 | T6: =S6-S5 -> 1759.66
A7: 46178 | B7: 152285.11 | C7: =B7-B6 -> 68.91 | D7: 169.942 | E7: =D7-D6 -> 1.362 | F7: 205294.02 | G7: =F7-F6 -> 86.76 | H7: =F7+D7+B7 -> 357749.07 | I7: =H7-H6 -> 157.032 | J7: ='Solar cell'!AC11 -> 295.02 | K7: ='Solar cell'!AD11 -> 21.44 | L7: =SUM(J7+K7) -> 316.46 | M7: =Medium!D9 -> 861444 | N7: =M7-M6 -> 1935 | O7: =H7/M7 -> 0.41528999 | P7: =O7 -> 0.41528999 | Q7: 73642.184 | R7: =Q7-Q6 -> 276.12 | S7: 698948.64 | T7: =S7-S6 -> 2188.5
A8: 46179 | B8: 152328.01 | C8: =B8-B7 -> 42.9 | D8: 170.323 | E8: =D8-D7 -> 0.381 | F8: 205337.46 | G8: =F8-F7 -> 43.44 | H8: =F8+D8+B8 -> 357835.79 | I8: =H8-H7 -> 86.721 | J8: ='Solar cell'!AC12 -> 292.13 | K8: ='Solar cell'!AD12 -> 21.36 | L8: =SUM(J8+K8) -> 313.49 | M8: =Medium!D10 -> 862724 | N8: =M8-M7 -> 1280 | O8: =H8/M8 -> 0.41477436 | P8: =O8 -> 0.41477436 | Q8: 73785.312 | R8: =Q8-Q7 -> 143.128 | S8: 699886.96 | T8: =S8-S7 -> 938.32
A9: 46180 | B9: 152379.26 | C9: =B9-B8 -> 51.25 | D9: 170.854 | E9: =D9-D8 -> 0.531 | F9: 205404.62 | G9: =F9-F8 -> 67.16 | H9: =F9+D9+B9 -> 357954.73 | I9: =H9-H8 -> 118.941 | J9: ='Solar cell'!AC13 -> 295.33 | K9: ='Solar cell'!AD13 -> 20.98 | L9: =SUM(J9+K9) -> 316.31 | M9: =Medium!D11 -> 864255 | N9: =M9-M8 -> 1531 | O9: =H9/M9 -> 0.41417722 | P9: =O9 -> 0.41417722 | Q9: 73976.14 | R9: =Q9-Q8 -> 190.828 | S9: 701319.25 | T9: =S9-S8 -> 1432.29
A10: 46181 | B10: 152435.99 | C10: =B10-B9 -> 56.73 | D10: 172.013 | E10: =D10-D9 -> 1.159 | F10: 205467.02 | G10: =F10-F9 -> 62.4 | H10: =F10+D10+B10 -> 358075.02 | I10: =H10-H9 -> 120.289 | J10: ='Solar cell'!AC14 -> 294.26 | K10: ='Solar cell'!AD14 -> 21.47 | L10: =SUM(J10+K10) -> 315.73 | M10: =Medium!D12 -> 866241 | N10: =M10-M9 -> 1986 | O10: =H10/M10 -> 0.41336651 | P10: =O10 -> 0.41336651 | Q10: 74233.176 | R10: =Q10-Q9 -> 257.036 | S10: 703239.6 | T10: =S10-S9 -> 1920.35
A11: 46182 | B11: 152490.26 | C11: =B11-B10 -> 54.27 | D11: 172.959 | E11: =D11-D10 -> 0.946 | F11: 205543.42 | G11: =F11-F10 -> 76.4 | H11: =F11+D11+B11 -> 358206.64 | I11: =H11-H10 -> 131.616 | J11: ='Solar cell'!AC15 -> 295.43 | K11: ='Solar cell'!AD15 -> 21.27 | L11: =SUM(J11+K11) -> 316.7 | M11: =Medium!D13 -> 868068 | N11: =M11-M10 -> 1827 | O11: =H11/M11 -> 0.41264813 | P11: =O11 -> 0.41264813 | Q11: 74459.912 | R11: =Q11-Q10 -> 226.736 | S11: 704934.16 | T11: =S11-S10 -> 1694.56
A12: 46183 | B12: 152542.14 | C12: =B12-B11 -> 51.88 | D12: 173.764 | E12: =D12-D11 -> 0.805 | F12: 205612.24 | G12: =F12-F11 -> 68.82 | H12: =F12+D12+B12 -> 358328.14 | I12: =H12-H11 -> 121.505 | J12: ='Solar cell'!AC16 -> 293.23 | K12: ='Solar cell'!AD16 -> 21.24 | L12: =SUM(J12+K12) -> 314.47 | M12: =Medium!D14 -> 869994 | N12: =M12-M11 -> 1926 | O12: =H12/M12 -> 0.41187427 | P12: =O12 -> 0.41187427 | Q12: 74702.15 | R12: =Q12-Q11 -> 242.238 | S12: 706602.15 | T12: =S12-S11 -> 1667.99
A13: 46184 | B13: 152612.46 | C13: =B13-B12 -> 70.32 | D13: 174.423 | E13: =D13-D12 -> 0.659 | F13: 205676.25 | G13: =F13-F12 -> 64.01 | H13: =F13+D13+B13 -> 358463.13 | I13: =H13-H12 -> 134.989 | J13: ='Solar cell'!AC17 -> 292.74 | K13: ='Solar cell'!AD17 -> 20.78 | L13: =SUM(J13+K13) -> 313.52 | M13: =Medium!D15 -> 872099 | N13: =M13-M12 -> 2105 | O13: =H13/M13 -> 0.41103491 | P13: =O13 -> 0.41103491 | Q13: 74950.536 | R13: =Q13-Q12 -> 248.386 | S13: 708584.24 | T13: =S13-S12 -> 1982.09
A14: 46185 | B14: 152661.73 | C14: =B14-B13 -> 49.27 | D14: 175.602 | E14: =D14-D13 -> 1.179 | F14: 205749.94 | G14: =F14-F13 -> 73.69 | H14: =F14+D14+B14 -> 358587.27 | I14: =H14-H13 -> 124.139 | J14: ='Solar cell'!AC18 -> 292.74 | K14: ='Solar cell'!AD18 -> 21.47 | L14: =SUM(J14+K14) -> 314.21 | M14: =Medium!D16 -> 873988 | N14: =M14-M13 -> 1889 | O14: =H14/M14 -> 0.41028855 | P14: =O14 -> 0.41028855 | Q14: 75205.25 | R14: =Q14-Q13 -> 254.714 | S14: 710361.84 | T14: =S14-S13 -> 1777.6
A15: 46186 | B15: 152719.2 | C15: =B15-B14 -> 57.47 | D15: 176.848 | E15: =D15-D14 -> 1.246 | F15: 205831.78 | G15: =F15-F14 -> 81.84 | H15: =F15+D15+B15 -> 358727.83 | I15: =H15-H14 -> 140.556 | J15: ='Solar cell'!AC19 -> 296.91 | K15: ='Solar cell'!AD19 -> 22.12 | L15: =SUM(J15+K15) -> 319.03 | M15: =Medium!D17 -> 875644 | N15: =M15-M14 -> 1656 | O15: =H15/M15 -> 0.40967314 | P15: =O15 -> 0.40967314 | Q15: 75411.432 | R15: =Q15-Q14 -> 206.182 | S15: 712039.6 | T15: =S15-S14 -> 1677.76
... A32: 46203 | B32: 153670.33 | C32: =B32-B31 -> 62.8 | D32: 192.207 | E32: =D32-D31 -> 0.574 | F32: 206980.74 | G32: =F32-F31 -> 62.72 | H32: =F32+D32+B32 -> 360843.28 | I32: =H32-H31 -> 126.094 | J32: ='Solar cell'!AC36 -> 302.36 | K32: ='Solar cell'!AD36 -> 20.78 | L32: =SUM(J32+K32) -> 323.14 | M32: =Medium!D34 -> 907605 | N32: =M32-M31 -> 2050 | O32: =H32/M32 -> 0.39757745 | P32: =O32 -> 0.39757745 | Q32: 79359.368 | R32: =Q32-Q31 -> 240.424 | S32: 741623.14 | T32: =S32-S31 -> 1914.1
I33: =SUM(I3:I32) -> 3723.816 | L33: =SUM(L3:L32) -> 9466.42 | N33: =SUM(N3:N32) -> 55584 | R33: =SUM(R3:R32) -> 6915.776 | T33: =SUM(T3:T32) -> 51744.18

Sheet fire
A1: 2026
A4: شهر يونيو | B4: مبني التدريب | C4: مبني الابداع | D4: مبني التعهيد | E4: مبني البريد | F4: مبني نترا | G4: مبنى المدرسة | H4: مبني الشركات | I4: تجاري 1 | J4: تجاري 2 | K4: تجاري 3 | L4: المصنع
B6: قراءه | C6: قراءه | D6: قراءه | E6: قراءه | F6: قراءه | G6: قراءه | H6: قراءه | I6: قراءه | J6: قراءه | K6: قراءه | L6: قراءه
A7: 45809 | B7: 4.8 | C7: 5.8 | D7: 5.8 | E7: 6.2 | F7: 5.2 | G7: 6.5 | H7: 6.2 | I7: 6.2 | J7: 6.2 | K7: 6.2
A8: 45810 | B8: 4.8 | C8: 5.8 | D8: 5.8 | E8: 6.2 | F8: 5.2 | G8: 6.5 | H8: 6.2 | I8: 6.2 | J8: 6.2 | K8: 6.2
A9: 45811 | B9: 4.8 | C9: 5.8 | D9: 5.8 | E9: 6.2 | F9: 5.2 | G9: 6.5 | H9: 6.2 | I9: 6.2 | J9: 6.2 | K9: 6.2
A10: 45812 | B10: 4.8 | C10: 5.8 | D10: 5.8 | E10: 6.2 | F10: 5.2 | G10: 6.5 | H10: 6.2 | I10: 6.2 | J10: 6.2 | K10: 6.2
A11: 45813 | B11: 4.8 | C11: 5.8 | D11: 5.8 | E11: 6.2 | F11: 5.2 | G11: 6.5 | H11: 6.2 | I11: 6.2 | J11: 6.2 | K11: 6.2
A12: 45814 | B12: 4.8 | C12: 5.8 | D12: 5.8 | E12: 6.2 | F12: 5.2 | G12: 6.5 | H12: 6.2 | I12: 6.2 | J12: 6.2 | K12: 6.2
A13: 45815 | B13: 4.8 | C13: 5.8 | D13: 5.8 | E13: 6.2 | F13: 5.2 | G13: 6.5 | H13: 6.2 | I13: 6.2 | J13: 6.2 | K13: 6.2
A14: 45816 | B14: 4.8 | C14: 5.8 | D14: 5.8 | E14: 6.2 | F14: 5.2 | G14: 6.5 | H14: 6.2 | I14: 6.2 | J14: 6.2 | K14: 6.2
A15: 45817 | B15: 4.8 | C15: 5.8 | D15: 5.8 | E15: 6.2 | F15: 5.2 | G15: 6.5 | H15: 6.2 | I15: 6.2 | J15: 6.2 | K15: 6.2
A16: 45818 | B16: 4.8 | C16: 5.8 | D16: 5.8 | E16: 6.2 | F16: 5.2 | G16: 6.5 | H16: 6.2 | I16: 6.2 | J16: 6.2 | K16: 6.2
A17: 45819 | B17: 4.8 | C17: 5.8 | D17: 5.8 | E17: 6.2 | F17: 5.2 | G17: 6.5 | H17: 6.2 | I17: 6.2 | J17: 6.2 | K17: 6.2
A18: 45820 | B18: 4.8 | C18: 5.8 | D18: 5.8 | E18: 6.2 | F18: 5.2 | G18: 6.5 | H18: 6.2 | I18: 6.2 | J18: 6.2 | K18: 6.2
... A36: 45838 | B36: 4.8 | C36: 5.8 | D36: 5.8 | E36: 6.2 | F36: 5.2 | G36: 6.5 | H36: 6.2 | I36: 6.2 | J36: 6.2 | K36: 6.2

Sheet D W
A1: قراءات عدادات المياه
A2: قراءه عدادات مياه الشرب | E2: استهلاك مياه الشرب | F2: قراءه عدادات مياه الري | J2: استهلاك مياه الري | K2: قراءه ضغط طلمبه الفاير | L2: اسم الفني | O2: التاريخ | R2: المصنع
A3: 236500 | E3: =A3-236201 -> 299 | F3: 113590 | J3: =F3-113590 -> 0 | K3: 6 | L3: مصطفي ممدوح | O3: 46174 | R3: قراءه اول المده
A4: 236710 | E4: =A4-A3 -> 210 | F4: 113590 | J4: =F4-F3 -> 0 | K4: 6 | L4: محمود سيد | O4: 46175 | R4: 135847
A5: 236875 | E5: =A5-A4 -> 165 | F5: 113590 | J5: =F5-F4 -> 0 | K5: 6 | L5: محمود سيد | O5: 46176
A6: 237122 | E6: =A6-A5 -> 247 | F6: 113590 | J6: =F6-F5 -> 0 | K6: 6 | L6: محمود سيد | O6: 46177
A7: 237252 | E7: =A7-A6 -> 130 | F7: 113590 | J7: =F7-F6 -> 0 | K7: 6 | L7: محمود سيد | O7: 46178
A8: 237474 | E8: =A8-A7 -> 222 | F8: 113590 | J8: =F8-F7 -> 0 | K8: 6 | L8: مصطفي ممدوح | O8: 46179
A9: 237710 | E9: =A9-A8 -> 236 | F9: 113590 | J9: =F9-F8 -> 0 | K9: 6 | L9: مصطفي ممدوح | O9: 46180
A10: 237915 | E10: =A10-A9 -> 205 | F10: 113590 | J10: =F10-F9 -> 0 | K10: 6 | L10: محمود سيد | O10: 46181
A11: 238068 | E11: =A11-A10 -> 153 | F11: 113590 | J11: =F11-F10 -> 0 | K11: 6 | L11: محمود سيد | O11: 46182
A12: 238391 | E12: =A12-A11 -> 323 | F12: 113590 | J12: =F12-F11 -> 0 | K12: 6 | L12: محمود سيد | O12: 46183
A13: 238597 | E13: =A13-A12 -> 206 | F13: 113590 | J13: =F13-F12 -> 0 | K13: 6 | L13: محمود سيد | O13: 46184
A14: 238704 | E14: =A14-A13 -> 107 | F14: 113590 | J14: =F14-F13 -> 0 | K14: 6 | L14: محمود سيد | O14: 46185
A15: 238857 | E15: =A15-A14 -> 153 | F15: 113590 | J15: =F15-F14 -> 0 | K15: 6 | L15: مصطفي ممدوح | O15: 46186
A16: 239021 | E16: =A16-A15 -> 164 | F16: 113590 | J16: =F16-F15 -> 0 | K16: 6 | L16: مصطفي ممدوح | O16: 46187
A17: 239150 | E17: =A17-A16 -> 129 | F17: 113590 | J17: =F17-F16 -> 0 | K17: 6 | L17: مصطفي ممدوح | O17: 46188 | R17: قراءه اخر المده
A18: 239343 | E18: =A18-A17 -> 193 | F18: 113590 | J18: =F18-F17 -> 0 | K18: 6 | L18: محمود سيد | O18: 46189 | R18: 136717
A19: 239595 | E19: =A19-A18 -> 252 | F19: 113590 | J19: =F19-F18 -> 0 | K19: 6 | L19: محمود سيد | O19: 46190
A20: 239824 | E20: =A20-A19 -> 229 | F20: 113590 | J20: =F20-F19 -> 0 | K20: 6 | L20: محمود سيد | O20: 46191
A21: 240011 | E21: =A21-A20 -> 187 | F21: 113590 | J21: =F21-F20 -> 0 | K21: 6 | L21: محمود سيد | O21: 46192
A22: 240134 | E22: =A22-A21 -> 123 | F22: 113590 | J22: =F22-F21 -> 0 | K22: 6 | L22: مصطفي ممدوح | O22: 46193
A23: 240313 | E23: =A23-A22 -> 179 | F23: 113590 | J23: =F23-F22 -> 0 | K23: 6 | L23: مصطفي ممدوح | O23: 46194
A24: 240570 | E24: =A24-A23 -> 257 | F24: 113590 | J24: =F24-F23 -> 0 | K24: 6 | L24: مصطفي ممدوح | O24: 46195
A25: 240742 | E25: =A25-A24 -> 172 | F25: 113590 | J25: =F25-F24 -> 0 | K25: 6 | L25: محمود سيد | O25: 46196
A26: 241051 | E26: =A26-A25 -> 309 | F26: 113590 | J26: =F26-F25 -> 0 | K26: 6 | L26: محمود سيد | O26: 46197
A27: 241297 | E27: =A27-A26 -> 246 | F27: 113590 | J27: =F27-F26 -> 0 | K27: 6 | L27: محمود سيد | O27: 46198
A28: 241401 | E28: =A28-A27 -> 104 | F28: 113590 | J28: =F28-F27 -> 0 | K28: 6 | L28: محمود سيد | O28: 46199
A29: 241537 | E29: =A29-A28 -> 136 | F29: 113590 | J29: =F29-F28 -> 0 | K29: 6 | L29: مصطفي ممدوح | O29: 46200
A30: 241854 | E30: =A30-A29 -> 317 | F30: 113590 | J30: =F30-F29 -> 0 | K30: 6 | L30: مصطفي ممدوح | O30: 46201
... A32: 242382 | E32: =A32-A31 -> 300 | F32: 113590 | J32: =F32-F31 -> 0 | K32: 6 | L32: محمود سيد | O32: 46203
A33: اجمالي استهلاك مياه الشرب شهر يونيو 2026 بالمتر المكعب | E33: =SUM(E3:E32) -> 6181 | F33: اجمالي استهلاك مياه الري شهر يونيو 2026 بالمتر المكعب | J33: =SUM(J3:J32) -> 0 | L33: =R18-R4 -> 870 | O33: استهلاك المصنع

Sheet koshks
A1: قراءه عدادات الكهرباء ( الاكشاك )
B3: الكشك | C3: 45664 | D3: 31/7/2025 | E3: 20/8/2025 | F3: 31/8/2025 | G3: 30/9/2025 | H3: 31/10/2025 | I3: 30/11/2025 | J3: 31/12/2025 | K3: 31/1/2026 | L3: 28/2/2026 | M3: 31/3/2026 | N3: 30/4/2026 | O3: 31/5/2026 | P3: 30/6/2026
A5: 1 | B5: SKY TAHEED | C5: 0 | D5: =(E5/51)*31 -> 25.806588 | E5: 42.456 | F5: 735.061 | G5: 2652.687 | H5: 4601.515 | I5: 6301.376 | J5: 7795.78 | K5: 9327.079 | L5: 10863.738 | M5: 12117.34 | N5: 13631.404 | O5: 15290.548 | P5: 17098.656 | Q5: =P5-O5 -> 1808.108
A6: 2 | B6: SKY CORPORATE 1 | C6: 0 | D6: =(E6/51)*31 -> 0 | F6: 69.387 | G6: 1115.551 | H6: 2330.708 | I6: 3280.617 | J6: 4239.112 | K6: 4461.426 | L6: 4461.426 | M6: 4461.428 | N6: 4461.428 | O6: 4461.428 | P6: 4461.428 | Q6: =P6-O6 -> 0
A7: 3 | B7: SKY CORPORATE 2 | C7: 0 | D7: =(E7/51)*31 -> 0 | F7: 0 | G7: 0 | H7: 288.124 | I7: 800.11 | J7: 1193.9 | K7: 1585.266 | L7: 2041.59 | M7: 2185.694 | N7: 2392.016 | O7: 2741.302 | P7: 2925.115 | Q7: =P7-O7 -> 183.813
A8: 4 | B8: HALA CORPORATE | C8: 0 | D8: =(E8/51)*31 -> 2215.1627 | E8: 3644.3 | F8: 4346.4 | G8: 6247.8 | H8: 8321.8 | I8: 10177.7 | J8: 12361.2 | K8: 14647.6 | L8: 16548.6 | M8: 18639.3 | N8: 21130.2 | O8: 23125.3 | P8: 25165.1 | Q8: =P8-O8 -> 2039.8

Sheet Data For Elec
B2: العداد | C2: المكان | D2: الاستهلاك كيلو وات | E2: الاستهلاك كيلو وات للمبانى | F2: الاستهلاك بالجنية | G2: المكان | H2: الانتاج الطاقة الشمسية بالكيلو | I2: الانتاج الطاقة الشمسية بالكيلو للمبانى
B3: التدريب | C3: التدريب | D3: =Medium!$I$35 -> 46866 | E3: =D3-E4-E5-E6-E7 -> 12219.787 | G3: التدريب | H3: 10723.89 | I3: =H3-I4 -> 8574.87
C4: الشركات | E4: ='Low '!E37 -> 32422.6 | G4: الشركات | I4: 2149.02
C5: كشك هلا | E5: =koshks!$Q$8 -> 2039.8
C6: كشك سكاى 1 | E6: =koshks!$Q$6 -> 0
A7: استهلاك من عداد فرز اتصالات | C7: كشك سكاى 2 | E7: =koshks!$Q$7 -> 183.813
A8: =shops!$T$33 -> 51744.18 | B8: خدمة المواطن | C8: اتصالات | D8: =Medium!$E$35 -> 55584 | E8: =A8-I8 -> 51124.83 | G8: اتصالات | H8: =I8+I11 -> 9445.32 | I8: 619.35
C9: QNB | E9: 6596.08
C10: كشك سكاى 3 | E10: =koshks!$Q$5 -> 1808.108
C11: المحلات | E11: =D8-E8-E10-E9 -> -3945.018 | G11: المحلات | I11: 8825.97
B12: الابتكار | C12: الابتكار | D12: =Medium!$K$35 -> 21876 | E12: =D12-E13 -> 16039.12 | G12: الابتكار | H12: =I12+I13 -> 4239.12 | I12: 2120.23
C13: نترا | E13: ='Low '!I37 -> 5836.88 | G13: نترا | I13: 2118.89
B14: التعهيد | C14: التعهيد | D14: =Medium!$C$35 -> 130866 | E14: =D14 -> 130866 | G14: التعهيد | H14: =I14 -> 10270.16 | I14: 10270.16
B15: الخدمات | C15: الخدمات | D15: =Medium!$G$35 -> 8757 | E15: ='Low '!O37 -> 7395.6 | G15: الخدمات | H15: 1804.11
C16: المدرسه | E16: =D15-E15 -> 1361.4 | G16: المدرسه
